﻿{
  "UiPath.Excel.Activities.StartExcel.LaunchExcelMethod": "Automation",
  "UiPath.Excel.Activities.StartExcel.LaunchExcelTimeout": "20",
  "UiPath.Excel.Activities.ExcelAutoComplete.ExcelAutoCompleteType": "Default",
  "UiPath.Excel.Activities.ExcelVisibility.ShowExcelWindow": "True",
  "UiPath.Excel.Activities.ExcelVisibility.DisplayAlerts": "False",
  "UiPath.Excel.Activities.ExcelProcessScope.ProcessMode": "ReuseIfExists",
  "UiPath.Excel.Activities.ExcelProcessScope.ExistingProcessAction": "None",
  "UiPath.Excel.Activities.ExcelProcessScope.FileConflictResolution": "ThrowException",
  "UiPath.Excel.Activities.ExcelProcessScope.MacroSettings": "EnableAll",
  "UiPath.Excel.Activities.UseExcelFile.ReadFormatting": "Default"
}